1,http://thumb.comic.naver.net/webtoon/710757/thumbnail/thumbnail_IMAG06_c84e138b-5aaf-4f10-a709-5158d1dde961.jpg,완벽하지 않은 키스,/webtoon/list.nhn?titleId=710757&week=sun
2,http://thumb.comic.naver.net/webtoon/710751/thumbnail/thumbnail_IMAG06_4e37aaa1-9ae1-4df7-96ca-6c48f2e7ee72.jpg,약한영웅,/webtoon/list.nhn?titleId=710751&week=sun
3,http://thumb.comic.naver.net/webtoon/710763/thumbnail/thumbnail_IMAG06_a84c407b-a610-4863-9a70-77681e1f89fd.jpg,황금의 핸드메이커,/webtoon/list.nhn?titleId=710763&week=sun
4,http://thumb.comic.naver.net/webtoon/708378/thumbnail/thumbnail_IMAG06_bf96342c-c212-4fc5-abd9-6ba9cb98d5e7.jpg,타인은 지옥이다,/webtoon/list.nhn?titleId=708378&week=sun
5,http://thumb.comic.naver.net/webtoon/654809/thumbnail/title_thumbnail_20150806141807_t125x101.jpg,스피릿 핑거스,/webtoon/list.nhn?titleId=654809&week=sun
6,http://thumb.comic.naver.net/webtoon/697656/thumbnail/thumbnail_IMAG06_3318fd14-6fc0-4945-9f3a-378b43cc8955.jpg,조의 영역,/webtoon/list.nhn?titleId=697656&week=sun
7,http://thumb.comic.naver.net/webtoon/699658/thumbnail/thumbnail_IMAG06_1de2c6d4-b97a-4706-a986-4bcaca5ef2ec.jpg,오늘도 사랑스럽개,/webtoon/list.nhn?titleId=699658&week=sun
8,http://thumb.comic.naver.net/webtoon/684435/thumbnail/title_thumbnail_20160820210349_t125x101.jpg,구구까까,/webtoon/list.nhn?titleId=684435&week=sun
9,http://thumb.comic.naver.net/webtoon/697537/thumbnail/thumbnail_IMAG06_e38c4ec3-e19f-481c-a402-3f2121a08233.jpg,허니허니 웨딩,/webtoon/list.nhn?titleId=697537&week=sun
10,http://thumb.comic.naver.net/webtoon/703307/thumbnail/thumbnail_IMAG06_af59d718-b1b0-487e-a292-171f834a7a7b.jpg,신암행어사,/webtoon/list.nhn?titleId=703307&week=sun
11,http://thumb.comic.naver.net/webtoon/660366/thumbnail/thumbnail_IMAG06_12ab3930-40ec-424b-b99a-d904c99385b4.jpg,마스크걸,/webtoon/list.nhn?titleId=660366&week=sun
12,http://thumb.comic.naver.net/webtoon/642598/thumbnail/title_thumbnail_20160117000448_t125x101.jpg,조선왕조실톡,/webtoon/list.nhn?titleId=642598&week=sun
13,http://thumb.comic.naver.net/webtoon/651617/thumbnail/thumbnail_IMAG06_a841c7ac-e033-4a0d-828b-f02e93971426.jpg,연애의 정령,/webtoon/list.nhn?titleId=651617&week=sun
14,http://thumb.comic.naver.net/webtoon/670152/thumbnail/title_thumbnail_20160122210643_t125x101.jpg,열렙전사,/webtoon/list.nhn?titleId=670152&week=sun
15,http://thumb.comic.naver.net/webtoon/557676/thumbnail/thumbnail_IMAG06_a4f93667-2430-4410-b903-b12624812dd0.jpg,다이스(DICE),/webtoon/list.nhn?titleId=557676&week=sun
16,http://thumb.comic.naver.net/webtoon/119874/thumbnail/title_thumbnail_20150706185233_t125x101.jpg,덴마,/webtoon/list.nhn?titleId=119874&week=sun
17,http://thumb.comic.naver.net/webtoon/703835/thumbnail/thumbnail_IMAG06_2a52c59e-9b96-45a8-bf72-8f5d2d41d4c0.jpg,1인용 기분,/webtoon/list.nhn?titleId=703835&week=sun
18,http://thumb.comic.naver.net/webtoon/703841/thumbnail/thumbnail_IMAG06_e970a20f-95ce-44fa-a365-8a9c669c71a1.jpg,꽃 피는 날,/webtoon/list.nhn?titleId=703841&week=sun
19,http://thumb.comic.naver.net/webtoon/698469/thumbnail/thumbnail_IMAG06_8d36c24e-d6d5-46ab-a45d-b84d7a9e1530.jpg,언원티드,/webtoon/list.nhn?titleId=698469&week=sun
20,http://thumb.comic.naver.net/webtoon/695585/thumbnail/thumbnail_IMAG06_0b36d35d-237c-4e52-a355-1f45d35b1bf4.jpg,뱀이 앉은 자리,/webtoon/list.nhn?titleId=695585&week=sun
21,http://thumb.comic.naver.net/webtoon/655746/thumbnail/thumbnail_IMAG06_b8d3a65c-24af-46be-95d4-f36af90d76c0.jpg,마법스크롤상인 지오,/webtoon/list.nhn?titleId=655746&week=sun
22,http://thumb.comic.naver.net/webtoon/675823/thumbnail/thumbnail_IMAG06_c54d8259-16d5-4cf0-8a49-b905bbc3ea67.jpg,감염자,/webtoon/list.nhn?titleId=675823&week=sun
23,http://thumb.comic.naver.net/webtoon/695796/thumbnail/thumbnail_IMAG09_fc8201a5-5d22-4ea7-9765-4f4f73c28751.jpg,내일,/webtoon/list.nhn?titleId=695796&week=sun
24,http://thumb.comic.naver.net/webtoon/644180/thumbnail/title_thumbnail_20141231175152_t125x101.jpg,하루 3컷,/webtoon/list.nhn?titleId=644180&week=sun
25,http://thumb.comic.naver.net/webtoon/690503/thumbnail/title_thumbnail_20170106153614_t125x101.jpg,도망자,/webtoon/list.nhn?titleId=690503&week=sun
26,http://thumb.comic.naver.net/webtoon/697535/thumbnail/thumbnail_IMAG06_93df63b8-63c2-4e1a-862f-ef0bf8a23deb.jpg,웅이는 배고파,/webtoon/list.nhn?titleId=697535&week=sun
27,http://thumb.comic.naver.net/webtoon/626906/thumbnail/title_thumbnail_20150810235651_t125x101.jpg,패밀리 사이즈,/webtoon/list.nhn?titleId=626906&week=sun
28,http://thumb.comic.naver.net/webtoon/703848/thumbnail/thumbnail_IMAG06_283f8ffd-cf8c-42ee-b25d-0c1e917bdcdb.jpg,파우스트 인 러브,/webtoon/list.nhn?titleId=703848&week=sun
29,http://thumb.comic.naver.net/webtoon/22897/thumbnail/thumbnail_title_22897_125x101.gif,호랭총각,/webtoon/list.nhn?titleId=22897&week=sun
30,http://thumb.comic.naver.net/webtoon/708427/thumbnail/thumbnail_IMAG06_5763d64f-7698-49bf-af7f-f5b97f6f1324.jpg,만 화 고,/webtoon/list.nhn?titleId=708427&week=sun
31,http://thumb.comic.naver.net/webtoon/665170/thumbnail/title_thumbnail_20151016184500_t125x101.jpg,귀도호가록,/webtoon/list.nhn?titleId=665170&week=sun
