1,http://thumb.comic.naver.net/webtoon/711422/thumbnail/thumbnail_IMAG06_23b4f207-1d7c-4138-b83f-4cc2a6c69666.jpg,삼국지톡,/webtoon/list.nhn?titleId=711422&week=fri
2,http://thumb.comic.naver.net/webtoon/710754/thumbnail/thumbnail_IMAG06_df382e85-6bca-411b-b12c-686b42012de0.jpg,화장 지워주는 남자,/webtoon/list.nhn?titleId=710754&week=fri
3,http://thumb.comic.naver.net/webtoon/710081/thumbnail/thumbnail_IMAG06_72157606-d514-42ab-b623-1eff5fb07c2b.jpg,암흑도시,/webtoon/list.nhn?titleId=710081&week=fri
4,http://thumb.comic.naver.net/webtoon/710767/thumbnail/thumbnail_IMAG06_512dbf2c-7f17-4c23-9874-2768f4b69fdd.jpg,엔드리스,/webtoon/list.nhn?titleId=710767&week=fri
5,http://thumb.comic.naver.net/webtoon/711899/thumbnail/thumbnail_IMAG06_c096f6d1-6fd6-435c-9380-e6e08d3babd7.jpg,와장창창! 자취맨,/webtoon/list.nhn?titleId=711899&week=fri
6,http://thumb.comic.naver.net/webtoon/712362/thumbnail/thumbnail_IMAG06_716519d7-53a7-4a7a-9703-2517d096d518.jpg,개를 낳았다,/webtoon/list.nhn?titleId=712362&week=fri
7,http://thumb.comic.naver.net/webtoon/641253/thumbnail/title_thumbnail_20141120112141_t125x101.jpg,외모지상주의,/webtoon/list.nhn?titleId=641253&week=fri
8,http://thumb.comic.naver.net/webtoon/697679/thumbnail/thumbnail_IMAG06_9a844df7-d7ef-4ce9-9bcd-84254976f4b6.jpg,쌉니다 천리마마트 (재),/webtoon/list.nhn?titleId=697679&week=fri
9,http://thumb.comic.naver.net/webtoon/651664/thumbnail/title_thumbnail_20150326153630_t125x101.jpg,밥 먹고 갈래요?,/webtoon/list.nhn?titleId=651664&week=fri
10,http://thumb.comic.naver.net/webtoon/318995/thumbnail/title_thumbnail_20110407182655_t125x101.jpg,갓 오브 하이스쿨,/webtoon/list.nhn?titleId=318995&week=fri
11,http://thumb.comic.naver.net/webtoon/701081/thumbnail/thumbnail_IMAG06_2580af41-b6b6-4198-a08a-705a3f95b3ae.jpg,스위트홈,/webtoon/list.nhn?titleId=701081&week=fri
12,http://thumb.comic.naver.net/webtoon/700844/thumbnail/thumbnail_IMAG06_fa1a2f6d-01d3-4aa5-9b24-ea76f358d8dd.jpg,걸어서 30분,/webtoon/list.nhn?titleId=700844&week=fri
13,http://thumb.comic.naver.net/webtoon/678499/thumbnail/title_thumbnail_20160503224849_t125x101.jpg,공대생 너무만화,/webtoon/list.nhn?titleId=678499&week=fri
14,http://thumb.comic.naver.net/webtoon/668101/thumbnail/title_thumbnail_20151203204442_t125x101.jpg,결계녀,/webtoon/list.nhn?titleId=668101&week=fri
15,http://thumb.comic.naver.net/webtoon/708452/thumbnail/thumbnail_IMAG06_917b189b-7c3c-44c4-a732-9d53da41240c.jpg,냐한남자,/webtoon/list.nhn?titleId=708452&week=fri
16,http://thumb.comic.naver.net/webtoon/552960/thumbnail/title_thumbnail_20130905153633_t125x101.jpg,더 게이머,/webtoon/list.nhn?titleId=552960&week=fri
17,http://thumb.comic.naver.net/webtoon/670149/thumbnail/thumbnail_IMAG09_96b9c055-981a-4a85-84f4-bb1f8ee210f4.jpg,테러맨,/webtoon/list.nhn?titleId=670149&week=fri
18,http://thumb.comic.naver.net/webtoon/675554/thumbnail/thumbnail_IMAG06_585f7435-7c6d-4948-8160-622969272ae2.jpg,가우스전자 시즌3~4,/webtoon/list.nhn?titleId=675554&week=fri
19,http://thumb.comic.naver.net/webtoon/709732/thumbnail/thumbnail_IMAG06_4b4df429-0b5d-4d57-acfe-081fa76bafbb.jpg,하르모니아,/webtoon/list.nhn?titleId=709732&week=fri
20,http://thumb.comic.naver.net/webtoon/119874/thumbnail/title_thumbnail_20150706185233_t125x101.jpg,덴마,/webtoon/list.nhn?titleId=119874&week=fri
21,http://thumb.comic.naver.net/webtoon/578108/thumbnail/title_thumbnail_20140127223051_t125x101.jpg,강변살다,/webtoon/list.nhn?titleId=578108&week=fri
22,http://thumb.comic.naver.net/webtoon/709628/thumbnail/thumbnail_IMAG06_5f26a7ca-5bd2-42a7-b188-0355520d3aef.jpg,나의 짝사랑 고백법,/webtoon/list.nhn?titleId=709628&week=fri
23,http://thumb.comic.naver.net/webtoon/644180/thumbnail/title_thumbnail_20141231175152_t125x101.jpg,하루 3컷,/webtoon/list.nhn?titleId=644180&week=fri
24,http://thumb.comic.naver.net/webtoon/703851/thumbnail/thumbnail_IMAG06_30289b09-f23c-4a0d-acb0-3b686d280992.jpg,꼬리,/webtoon/list.nhn?titleId=703851&week=fri
25,http://thumb.comic.naver.net/webtoon/685460/thumbnail/title_thumbnail_20161013114305_t125x101.jpg,골든 체인지,/webtoon/list.nhn?titleId=685460&week=fri
26,http://thumb.comic.naver.net/webtoon/703854/thumbnail/thumbnail_IMAG06_08bbe9e0-3a84-4ca9-8082-9ca1626b07d1.jpg,식스틴,/webtoon/list.nhn?titleId=703854&week=fri
27,http://thumb.comic.naver.net/webtoon/696602/thumbnail/thumbnail_IMAG06_207a9912-2767-440e-a9c8-fc4c3711edeb.jpg,연애학,/webtoon/list.nhn?titleId=696602&week=fri
28,http://thumb.comic.naver.net/webtoon/679543/thumbnail/title_thumbnail_20160602111920_t125x101.JPG,아테나 컴플렉스,/webtoon/list.nhn?titleId=679543&week=fri
29,http://thumb.comic.naver.net/webtoon/696617/thumbnail/thumbnail_IMAG06_0f88c042-b712-4fb4-9880-bd713a64f266.jpg,피에는 피,/webtoon/list.nhn?titleId=696617&week=fri
30,http://thumb.comic.naver.net/webtoon/710649/thumbnail/thumbnail_IMAG06_f2d2ded0-9bb7-4f53-90d4-180abd0640bb.jpg,검은 마법사 Origin,/webtoon/list.nhn?titleId=710649&week=fri
31,http://thumb.comic.naver.net/webtoon/644112/thumbnail/title_thumbnail_20150105174647_t125x101.jpg,몽홀,/webtoon/list.nhn?titleId=644112&week=fri
32,http://thumb.comic.naver.net/webtoon/622643/thumbnail/title_thumbnail_20160719191308_t125x101.jpg,진눈깨비 소년,/webtoon/list.nhn?titleId=622643&week=fri
