1,http://thumb.comic.naver.net/webtoon/703843/thumbnail/thumbnail_IMAG06_c92c2ba0-155d-4adb-adb1-00c2842e5c60.jpg,비질란테,/webtoon/list.nhn?titleId=703843&week=sat
2,http://thumb.comic.naver.net/webtoon/710764/thumbnail/thumbnail_IMAG06_b18c4336-d9ef-48aa-b2a3-0f84aa901fbf.jpg,ㄹㅇ 관종,/webtoon/list.nhn?titleId=710764&week=sat
3,http://thumb.comic.naver.net/webtoon/710769/thumbnail/thumbnail_IMAG06_72254aa6-6c19-457d-85f7-4b276116d159.jpg,2인용 인간,/webtoon/list.nhn?titleId=710769&week=sat
4,http://thumb.comic.naver.net/webtoon/710749/thumbnail/thumbnail_IMAG09_2e6c12a6-f706-43f6-a787-44ebaa73af8c.jpg,고류 진,/webtoon/list.nhn?titleId=710749&week=sat
5,http://thumb.comic.naver.net/webtoon/712003/thumbnail/thumbnail_IMAG06_b1946f8f-7011-4864-a157-b9752faf5dfe.jpg,여중생A-우리들의 축제,/webtoon/list.nhn?titleId=712003&week=sat
6,http://thumb.comic.naver.net/webtoon/712694/thumbnail/thumbnail_IMAG09_026abcdd-89cf-4d51-8d51-262a850ef92a.jpg,MZ-레이징 인페르노,/webtoon/list.nhn?titleId=712694&week=sat
7,http://thumb.comic.naver.net/webtoon/651673/thumbnail/thumbnail_IMAG06_47e80d81-4dcf-4d63-81d5-30aba87cf5e6.jpg,유미의 세포들,/webtoon/list.nhn?titleId=651673&week=sat
8,http://thumb.comic.naver.net/webtoon/597447/thumbnail/title_thumbnail_20150410225440_t125x101.jpg,프리드로우,/webtoon/list.nhn?titleId=597447&week=sat
9,http://thumb.comic.naver.net/webtoon/650305/thumbnail/title_thumbnail_20161209212128_t125x101.jpg,호랑이형님,/webtoon/list.nhn?titleId=650305&week=sat
10,http://thumb.comic.naver.net/webtoon/679567/thumbnail/title_thumbnail_20160610142303_t125x101.jpg,금수저,/webtoon/list.nhn?titleId=679567&week=sat
11,http://thumb.comic.naver.net/webtoon/702672/thumbnail/thumbnail_IMAG06_b2e76d32-435f-44c8-a99f-73bf40d80094.jpg,노곤하개,/webtoon/list.nhn?titleId=702672&week=sat
12,http://thumb.comic.naver.net/webtoon/642700/thumbnail/title_thumbnail_20141210154146_t125x101.jpg,공복의 저녁식사,/webtoon/list.nhn?titleId=642700&week=sat
13,http://thumb.comic.naver.net/webtoon/682637/thumbnail/title_thumbnail_20160729190602_t125x101.jpg,놓지마 정신줄 시즌2,/webtoon/list.nhn?titleId=682637&week=sat
14,http://thumb.comic.naver.net/webtoon/710639/thumbnail/thumbnail_IMAG06_df27baae-dc5d-4945-8d77-2535e77675f4.jpg,5kg을 위하여,/webtoon/list.nhn?titleId=710639&week=sat
15,http://thumb.comic.naver.net/webtoon/700843/thumbnail/thumbnail_IMAG06_f9302f3a-4522-4c67-bc3a-4aa2e27fb30c.jpg,우리 오빠는 아이돌,/webtoon/list.nhn?titleId=700843&week=sat
16,http://thumb.comic.naver.net/webtoon/670150/thumbnail/title_thumbnail_20160122200146_t125x101.jpg,나노리스트,/webtoon/list.nhn?titleId=670150&week=sat
17,http://thumb.comic.naver.net/webtoon/679570/thumbnail/title_thumbnail_20160617142441_t125x101.jpg,귀각시,/webtoon/list.nhn?titleId=679570&week=sat
18,http://thumb.comic.naver.net/webtoon/677737/thumbnail/title_thumbnail_20160415184239_t125x101.jpg,대가리,/webtoon/list.nhn?titleId=677737&week=sat
19,http://thumb.comic.naver.net/webtoon/704595/thumbnail/thumbnail_IMAG06_eb972ec1-0826-4942-9ed5-fba278015123.jpg,이말년씨리즈 2018,/webtoon/list.nhn?titleId=704595&week=sat
20,http://thumb.comic.naver.net/webtoon/616239/thumbnail/title_thumbnail_20161031214436_t125x101.jpg,윌유메리미,/webtoon/list.nhn?titleId=616239&week=sat
21,http://thumb.comic.naver.net/webtoon/703839/thumbnail/thumbnail_IMAG06_1b336ae7-ba52-45f3-9488-5b81361b4e3d.jpg,홍시는 날 좋아해!,/webtoon/list.nhn?titleId=703839&week=sat
22,http://thumb.comic.naver.net/webtoon/622644/thumbnail/title_thumbnail_20150127152059_t125x101.jpg,아메리카노 엑소더스,/webtoon/list.nhn?titleId=622644&week=sat
23,http://thumb.comic.naver.net/webtoon/708453/thumbnail/thumbnail_IMAG06_5d7c3159-1765-4e48-8c09-505548754e1b.jpg,고교생을 환불해 주세요,/webtoon/list.nhn?titleId=708453&week=sat
24,http://thumb.comic.naver.net/webtoon/703630/thumbnail/thumbnail_IMAG09_ea458b92-5909-4efe-b825-33eaa7dbb42f.jpg,어글리후드,/webtoon/list.nhn?titleId=703630&week=sat
25,http://thumb.comic.naver.net/webtoon/706770/thumbnail/thumbnail_IMAG06_17c6ff01-9d22-45b3-ac4f-c4c486224be9.jpg,언데드,/webtoon/list.nhn?titleId=706770&week=sat
26,http://thumb.comic.naver.net/webtoon/644180/thumbnail/title_thumbnail_20141231175152_t125x101.jpg,하루 3컷,/webtoon/list.nhn?titleId=644180&week=sat
27,http://thumb.comic.naver.net/webtoon/670139/thumbnail/title_thumbnail_20160805231945_t125x101.jpg,부활남,/webtoon/list.nhn?titleId=670139&week=sat
28,http://thumb.comic.naver.net/webtoon/703631/thumbnail/thumbnail_IMAG06_49b83e0f-098e-4333-a877-c676df155372.jpg,방백남녀,/webtoon/list.nhn?titleId=703631&week=sat
29,http://thumb.comic.naver.net/webtoon/705328/thumbnail/thumbnail_IMAG06_cc0ad645-fbc2-49f7-a6ba-aff2df5e6464.jpg,환상적인 소년,/webtoon/list.nhn?titleId=705328&week=sat
30,http://thumb.comic.naver.net/webtoon/524520/thumbnail/title_thumbnail_20161007190526_t125x101.jpg,트럼프,/webtoon/list.nhn?titleId=524520&week=sat
31,http://thumb.comic.naver.net/webtoon/64997/thumbnail/title_thumbnail_20110515001535_t125x101.jpg,나이트런,/webtoon/list.nhn?titleId=64997&week=sat
