1,http://thumb.comic.naver.net/webtoon/710747/thumbnail/thumbnail_IMAG06_40c16672-97df-492c-8354-fa575c5ff168.jpg,세상은 돈과 권력,/webtoon/list.nhn?titleId=710747&week=wed
2,http://thumb.comic.naver.net/webtoon/710760/thumbnail/thumbnail_IMAG09_10f76c53-3f1b-4981-9934-2aaee726b436.jpg,이츠마인,/webtoon/list.nhn?titleId=710760&week=wed
3,http://thumb.comic.naver.net/webtoon/710765/thumbnail/thumbnail_IMAG06_487e38de-fe79-4878-852a-82a77a4afca5.jpg,펀브로커,/webtoon/list.nhn?titleId=710765&week=wed
4,http://thumb.comic.naver.net/webtoon/651673/thumbnail/thumbnail_IMAG06_47e80d81-4dcf-4d63-81d5-30aba87cf5e6.jpg,유미의 세포들,/webtoon/list.nhn?titleId=651673&week=wed
5,http://thumb.comic.naver.net/webtoon/626907/thumbnail/title_thumbnail_20150407141027_t125x101.jpg,복학왕,/webtoon/list.nhn?titleId=626907&week=wed
6,http://thumb.comic.naver.net/webtoon/662774/thumbnail/thumbnail_IMAG06_32e93487-96da-407b-a437-ad3eab65c55d.jpg,고수,/webtoon/list.nhn?titleId=662774&week=wed
7,http://thumb.comic.naver.net/webtoon/667573/thumbnail/title_thumbnail_20151120112903_t125x101.jpg,연놈,/webtoon/list.nhn?titleId=667573&week=wed
8,http://thumb.comic.naver.net/webtoon/703845/thumbnail/thumbnail_IMAG06_9cd5f42f-9836-416a-9680-9abf4bda3fab.jpg,죽음에 관하여 (재),/webtoon/list.nhn?titleId=703845&week=wed
9,http://thumb.comic.naver.net/webtoon/702423/thumbnail/thumbnail_IMAG06_a4b62969-aa1e-4812-aedb-79a138b9d40e.jpg,10월 28일,/webtoon/list.nhn?titleId=702423&week=wed
10,http://thumb.comic.naver.net/webtoon/670143/thumbnail/title_thumbnail_20160108202909_t125x101.jpg,헬퍼 2 : 킬베로스,/webtoon/list.nhn?titleId=670143&week=wed
11,http://thumb.comic.naver.net/webtoon/703307/thumbnail/thumbnail_IMAG06_af59d718-b1b0-487e-a292-171f834a7a7b.jpg,신암행어사,/webtoon/list.nhn?titleId=703307&week=wed
12,http://thumb.comic.naver.net/webtoon/642598/thumbnail/title_thumbnail_20160117000448_t125x101.jpg,조선왕조실톡,/webtoon/list.nhn?titleId=642598&week=wed
13,http://thumb.comic.naver.net/webtoon/703628/thumbnail/thumbnail_IMAG06_af1f8eb5-d5df-4a0d-a787-ee61d1774fb7.jpg,성공한 덕후,/webtoon/list.nhn?titleId=703628&week=wed
14,http://thumb.comic.naver.net/webtoon/703308/thumbnail/thumbnail_IMAG06_5be38d99-4b57-44d7-915b-7eb4b63131e9.jpg,신석기녀,/webtoon/list.nhn?titleId=703308&week=wed
15,http://thumb.comic.naver.net/webtoon/675554/thumbnail/thumbnail_IMAG06_585f7435-7c6d-4948-8160-622969272ae2.jpg,가우스전자 시즌3~4,/webtoon/list.nhn?titleId=675554&week=wed
16,http://thumb.comic.naver.net/webtoon/703835/thumbnail/thumbnail_IMAG06_2a52c59e-9b96-45a8-bf72-8f5d2d41d4c0.jpg,1인용 기분,/webtoon/list.nhn?titleId=703835&week=wed
17,http://thumb.comic.naver.net/webtoon/694806/thumbnail/thumbnail_IMAG06_44b35055-e278-4d6f-ac10-5ca9db9af2f0.jpg,야채호빵의 봄방학,/webtoon/list.nhn?titleId=694806&week=wed
18,http://thumb.comic.naver.net/webtoon/709992/thumbnail/thumbnail_IMAG06_3799f458-7d84-4772-8087-d2659499a688.jpg,옆반의 인어,/webtoon/list.nhn?titleId=709992&week=wed
19,http://thumb.comic.naver.net/webtoon/703633/thumbnail/thumbnail_IMAG06_40ee18c7-6d2f-4334-88a5-e0a6004e01ba.jpg,"안녕, 대학생",/webtoon/list.nhn?titleId=703633&week=wed
20,http://thumb.comic.naver.net/webtoon/708453/thumbnail/thumbnail_IMAG06_5d7c3159-1765-4e48-8c09-505548754e1b.jpg,고교생을 환불해 주세요,/webtoon/list.nhn?titleId=708453&week=wed
21,http://thumb.comic.naver.net/webtoon/694131/thumbnail/thumbnail_IMAG09_21fa980f-1708-46b1-b4dc-17c2a7dd809d.jpg,퍼스트 미션,/webtoon/list.nhn?titleId=694131&week=wed
22,http://thumb.comic.naver.net/webtoon/703849/thumbnail/thumbnail_IMAG06_2f770f1b-a790-4797-8423-c8cb6ab44de5.jpg,요리GO,/webtoon/list.nhn?titleId=703849&week=wed
23,http://thumb.comic.naver.net/webtoon/644180/thumbnail/title_thumbnail_20141231175152_t125x101.jpg,하루 3컷,/webtoon/list.nhn?titleId=644180&week=wed
24,http://thumb.comic.naver.net/webtoon/671421/thumbnail/thumbnail_IMAG06_7a68370d-f31e-423b-b24c-9cb9fc49f73e.jpg,언덕 위의 제임스,/webtoon/list.nhn?titleId=671421&week=wed
25,http://thumb.comic.naver.net/webtoon/701535/thumbnail/thumbnail_IMAG06_7e4dc935-99b6-4200-9e60-4f00b3bb7be5.jpg,격기 3반,/webtoon/list.nhn?titleId=701535&week=wed
26,http://thumb.comic.naver.net/webtoon/697533/thumbnail/thumbnail_IMAG06_6c9e918b-e903-4932-b9e2-3804cde50973.jpg,미시령,/webtoon/list.nhn?titleId=697533&week=wed
27,http://thumb.comic.naver.net/webtoon/681453/thumbnail/thumbnail_IMAG06_527b8ddd-306a-4754-aa2d-de106b6bdc36.jpg,지금 이 순간 마법처럼,/webtoon/list.nhn?titleId=681453&week=wed
28,http://thumb.comic.naver.net/webtoon/697254/thumbnail/thumbnail_IMAG06_89fd754c-b59c-4612-bd69-49ef2f3bf3e8.jpg,푸른사막 아아루,/webtoon/list.nhn?titleId=697254&week=wed
29,http://thumb.comic.naver.net/webtoon/708427/thumbnail/thumbnail_IMAG06_5763d64f-7698-49bf-af7f-f5b97f6f1324.jpg,만 화 고,/webtoon/list.nhn?titleId=708427&week=wed
30,http://thumb.comic.naver.net/webtoon/316909/thumbnail/thumbnail_IMAG06_364b2b8e-5b3e-4d4d-8e59-b9bb5079cffa.jpg,그 판타지 세계에서 사는 법,/webtoon/list.nhn?titleId=316909&week=wed
31,http://thumb.comic.naver.net/webtoon/635174/thumbnail/title_thumbnail_20161108161056_t125x101.jpg,씬커,/webtoon/list.nhn?titleId=635174&week=wed
32,http://thumb.comic.naver.net/webtoon/602916/thumbnail/thumbnail_IMAG06_13e69f80-17d9-40df-a2d9-d32a6fcb9780.jpg,칼부림,/webtoon/list.nhn?titleId=602916&week=wed
33,http://thumb.comic.naver.net/webtoon/712548/thumbnail/thumbnail_IMAG06_83e4e7b9-fbb9-4b53-a454-ef4776112afb.jpg,성공의 비밀,/webtoon/list.nhn?titleId=712548&week=wed
