1,http://thumb.comic.naver.net/webtoon/710756/thumbnail/thumbnail_IMAG09_94c476bb-ca75-4b42-96c3-74bf2fd695a1.jpg,일진에게 회초리,/webtoon/list.nhn?titleId=710756&week=mon
2,http://thumb.comic.naver.net/webtoon/710752/thumbnail/thumbnail_IMAG06_5eea3d95-9c4f-4ee9-a17d-c7f0e44a30ee.jpg,혈투,/webtoon/list.nhn?titleId=710752&week=mon
3,http://thumb.comic.naver.net/webtoon/710762/thumbnail/thumbnail_IMAG06_0d5f262d-d781-424c-94f2-9e4291ea4e8d.jpg,반투명인간,/webtoon/list.nhn?titleId=710762&week=mon
4,http://thumb.comic.naver.net/webtoon/710741/thumbnail/thumbnail_IMAG06_07fe0bfd-11a4-4564-8d0f-75483e264442.jpg,부로콜리왕자,/webtoon/list.nhn?titleId=710741&week=mon
5,http://thumb.comic.naver.net/webtoon/711899/thumbnail/thumbnail_IMAG06_c096f6d1-6fd6-435c-9380-e6e08d3babd7.jpg,와장창창! 자취맨,/webtoon/list.nhn?titleId=711899&week=mon
6,http://thumb.comic.naver.net/webtoon/679519/thumbnail/title_thumbnail_20160601180804_t125x101.jpg,대학일기,/webtoon/list.nhn?titleId=679519&week=mon
7,http://thumb.comic.naver.net/webtoon/654774/thumbnail/thumbnail_IMAG09_b5dff7d6-2c65-45b5-b324-4ba24b462ba7.jpg,소녀의 세계,/webtoon/list.nhn?titleId=654774&week=mon
8,http://thumb.comic.naver.net/webtoon/648419/thumbnail/thumbnail_IMAG06_44119122-8568-4293-9159-a99e2a6b0558.jpg,뷰티풀 군바리,/webtoon/list.nhn?titleId=648419&week=mon
9,http://thumb.comic.naver.net/webtoon/183559/thumbnail/title_thumbnail_20160516123017_t125x101.jpg,신의 탑,/webtoon/list.nhn?titleId=183559&week=mon
10,http://thumb.comic.naver.net/webtoon/602910/thumbnail/thumbnail_IMAG09_911aac1a-465c-46be-815d-36be3a4766d8.jpg,윈드브레이커,/webtoon/list.nhn?titleId=602910&week=mon
11,http://thumb.comic.naver.net/webtoon/597478/thumbnail/thumbnail_IMAG06_1c7d7fa2-7c60-423b-8940-a6ce944220c3.jpg,평범한 8반,/webtoon/list.nhn?titleId=597478&week=mon
12,http://thumb.comic.naver.net/webtoon/703837/thumbnail/thumbnail_IMAG06_e8f96b99-2d4c-4c63-aa8a-f83ceee3547a.jpg,아기낳는만화,/webtoon/list.nhn?titleId=703837&week=mon
13,http://thumb.comic.naver.net/webtoon/702422/thumbnail/thumbnail_IMAG06_ec7ae624-b660-462f-add6-21f2d2975448.jpg,니편내편,/webtoon/list.nhn?titleId=702422&week=mon
14,http://thumb.comic.naver.net/webtoon/709731/thumbnail/thumbnail_IMAG06_87a761f1-77cc-4ceb-a7cf-18126bbb0f82.jpg,유일무이 로맨스,/webtoon/list.nhn?titleId=709731&week=mon
15,http://thumb.comic.naver.net/webtoon/703838/thumbnail/thumbnail_IMAG06_806caaf5-f30a-4c1e-a844-8387bfc78fb1.jpg,홍차리브레,/webtoon/list.nhn?titleId=703838&week=mon
16,http://thumb.comic.naver.net/webtoon/698888/thumbnail/thumbnail_IMAG06_ee821da8-2455-46c6-8e0a-d7aad99c09f6.jpg,이것도 친구라고,/webtoon/list.nhn?titleId=698888&week=mon
17,http://thumb.comic.naver.net/webtoon/668723/thumbnail/thumbnail_IMAG06_287fd46f-10fa-498d-abaf-23c40266698e.jpg,이상하고 아름다운,/webtoon/list.nhn?titleId=668723&week=mon
18,http://thumb.comic.naver.net/webtoon/702170/thumbnail/thumbnail_IMAG06_0a50c797-1faa-4aeb-b115-a2e858b2dc43.jpg,심연의 하늘 시즌5,/webtoon/list.nhn?titleId=702170&week=mon
19,http://thumb.comic.naver.net/webtoon/675554/thumbnail/thumbnail_IMAG06_585f7435-7c6d-4948-8160-622969272ae2.jpg,가우스전자 시즌3~4,/webtoon/list.nhn?titleId=675554&week=mon
20,http://thumb.comic.naver.net/webtoon/700139/thumbnail/thumbnail_IMAG06_22e52cda-006e-4fe6-935f-c539e1d615f5.jpg,환생동물학교,/webtoon/list.nhn?titleId=700139&week=mon
21,http://thumb.comic.naver.net/webtoon/694807/thumbnail/thumbnail_IMAG06_03c8c913-3a70-4eda-b96f-008ab7ec545b.jpg,마왕이 되는 중2야,/webtoon/list.nhn?titleId=694807&week=mon
22,http://thumb.comic.naver.net/webtoon/700858/thumbnail/thumbnail_IMAG06_24d49851-1a4e-46b1-9b23-4b4ba71da84b.jpg,닥터 하운드,/webtoon/list.nhn?titleId=700858&week=mon
23,http://thumb.comic.naver.net/webtoon/644180/thumbnail/title_thumbnail_20141231175152_t125x101.jpg,하루 3컷,/webtoon/list.nhn?titleId=644180&week=mon
24,http://thumb.comic.naver.net/webtoon/703635/thumbnail/thumbnail_IMAG06_531ae844-7012-4230-ac7a-ad4b52069dcd.jpg,오직 나의 주인님,/webtoon/list.nhn?titleId=703635&week=mon
25,http://thumb.comic.naver.net/webtoon/706590/thumbnail/thumbnail_IMAG06_8c0a85c9-8771-46a0-9e26-5ff9640a7e67.jpg,피플,/webtoon/list.nhn?titleId=706590&week=mon
26,http://thumb.comic.naver.net/webtoon/679568/thumbnail/title_thumbnail_20160729221220_t125x101.jpg,마이너스의 손,/webtoon/list.nhn?titleId=679568&week=mon
27,http://thumb.comic.naver.net/webtoon/698247/thumbnail/thumbnail_IMAG09_13e4ec01-4629-4273-90b8-272f96626a32.jpg,찬란하지 않아도 괜찮아,/webtoon/list.nhn?titleId=698247&week=mon
28,http://thumb.comic.naver.net/webtoon/703629/thumbnail/thumbnail_IMAG09_9c751cea-acc9-4e1b-9e8c-abf79e0c246e.jpg,열대어,/webtoon/list.nhn?titleId=703629&week=mon
29,http://thumb.comic.naver.net/webtoon/687915/thumbnail/thumbnail_IMAG06_25e161fe-c32d-4c67-bbab-ba320936afcd.jpg,꿈의 기업,/webtoon/list.nhn?titleId=687915&week=mon
30,http://thumb.comic.naver.net/webtoon/21815/thumbnail/thumbnail_title_21815_125x101.gif,히어로메이커,/webtoon/list.nhn?titleId=21815&week=mon
31,http://thumb.comic.naver.net/webtoon/658076/thumbnail/thumbnail_IMAG06_6c7f4707-2709-4649-8750-8d687555f5b1.jpg,팀피닉스,/webtoon/list.nhn?titleId=658076&week=mon
